{
    "type": "minecraft:crafting_shaped",
	"group": "af.banner.large_banner_decorated",
    "category": "building",
    "pattern": [
        "yy",
        "zz",
        "xx"
    ],
    "key": {
        "x": "minecraft:string",
        "y": "minecraft:stick",
        "z": "minecraft:pink_wool"
    },
    "result": {
        "id": "minecraft:leather_horse_armor",
        "count": 1,
        "components": {
            "!minecraft:equippable": {},
            "!minecraft:attribute_modifiers": {},
            "minecraft:tooltip_display": {
                "hidden_components": [
                    "minecraft:dyed_color"
                ]
            },
            "minecraft:tooltip_style": "minecraft:af_brown",
            "minecraft:consumable": {
                "consume_seconds": 1000000,
                "animation": "none",
                "sound": "block.wood.place",
                "has_consume_particles": false
            },
            "minecraft:item_name": "\"furniture\"",
            "minecraft:max_stack_size": 64,
            "minecraft:custom_name": [
                {"text":"Pink Large Decorated Banner","color":"white","italic":false}
            ],
            "minecraft:lore": [
                {"text":"ᴡᴀʟʟ ɪᴛᴇᴍ","italic":false,"color":"gray"},
                {"text":"ᴅʏᴇᴀʙʟᴇ","italic":false,"color":"gold"},
                {"text":"ᴠᴀʀɪᴀɴᴛѕ","italic":false,"color":"yellow"}
            ],
            "minecraft:item_model": "minecraft:furniture/banner/pink_large_banner_decorated_0",
            "minecraft:custom_data": "{variants: [\"minecraft:furniture/banner/pink_large_banner_decorated_1\",\"minecraft:furniture/banner/pink_large_banner_decorated_2\",\"minecraft:furniture/banner/pink_large_banner_decorated_3\"], place_type: 1, translation: [0.0f, -2.5f, 0.9375f], scale: [2.0f, 2.0f, 2.0f], interaction_height: 4f, interaction_width: 1f, interaction_translation_y: -3.5f, rotation_mode: \"4way\", custom_handling:\"variant\"}"
        }
    }
}