{
  "condition": "minecraft:all_of", 
  "terms": [
    {
      "condition": "minecraft:entity_properties",
      "entity": "this",
      "predicate": {
        "equipment": {
          "offhand": {
            "items": "minecraft:leather_horse_armor",
            "components": {
              "minecraft:item_name": "\"plant\""
            }
          }
        }
      }
    },
    {
      "condition": "minecraft:inverted",
      "term": {
        "condition": "minecraft:reference",
        "name": "af.base:plant_mainhand"
      }
    }
  ]
}
